<?xml version="1.0" encoding="UTF-8"?>
<project-private xmlns="http://www.netbeans.org/ns/project-private/1">
    <editor-bookmarks xmlns="http://www.netbeans.org/ns/editor-bookmarks/2" lastBookmarkId="0"/>
    <open-files xmlns="http://www.netbeans.org/ns/projectui-open-files/2">
        <group>
            <file>file:/D:/FPT/Project/Nhom7_QuanLyCafe_ps39257_ChuThiNgocBich/TheCoffeeShopReal/src/Ui/DangNhapJFrame.java</file>
            <file>file:/D:/FPT/Project/Nhom7_QuanLyCafe_ps39257_ChuThiNgocBich/TheCoffeeShopReal/src/Ui/MainJFrame.java</file>
            <file>file:/D:/FPT/Project/Nhom7_QuanLyCafe_ps39257_ChuThiNgocBich/TheCoffeeShopReal/src/Model/NhanVienDAO.java</file>
            <file>file:/D:/FPT/Project/Nhom7_QuanLyCafe_ps39257_ChuThiNgocBich/TheCoffeeShopReal/src/Ui/ThongKeJFrame.java</file>
            <file>file:/D:/FPT/Project/Nhom7_QuanLyCafe_ps39257_ChuThiNgocBich/TheCoffeeShopReal/src/Model/NhanVien.java</file>
            <file>file:/D:/FPT/Project/Nhom7_QuanLyCafe_ps39257_ChuThiNgocBich/TheCoffeeShopReal/src/Ui/LSBanHangJDialog.java</file>
            <file>file:/D:/FPT/Project/Nhom7_QuanLyCafe_ps39257_ChuThiNgocBich/TheCoffeeShopReal/src/Ui/ChaoJDialog1.java</file>
            <file>file:/D:/FPT/Project/Nhom7_QuanLyCafe_ps39257_ChuThiNgocBich/TheCoffeeShopReal/src/Ui/QuanLyNhanVienJDialog.java</file>
            <file>file:/D:/FPT/Project/Nhom7_QuanLyCafe_ps39257_ChuThiNgocBich/TheCoffeeShopReal/src/Ui/HoaDon.java</file>
            <file>file:/D:/FPT/Project/Nhom7_QuanLyCafe_ps39257_ChuThiNgocBich/TheCoffeeShopReal/src/Ui/ChuongTrinhKhuyenMaiJDialog.java</file>
            <file>file:/D:/FPT/Project/Nhom7_QuanLyCafe_ps39257_ChuThiNgocBich/TheCoffeeShopReal/src/Ui/HoaDonJFrame.java</file>
        </group>
    </open-files>
</project-private>
